{"accuracy": [0.8723214268684387, 0.9014285802841187, 0.9033928513526917, 0.904285728931427, 0.9044643044471741, 0.9053571224212646, 0.90625, 0.9071428775787354, 0.9085714221000671, 0.9091071486473083, 0.9096428751945496, 0.9094642996788025, 0.9094642996788025, 0.9094642996788025, 0.910178542137146, 0.9103571176528931, 0.9114285707473755, 0.9121428728103638, 0.9121428728103638, 0.9123214483261108, 0.9123214483261108, 0.9121428728103638, 0.9135714173316956, 0.9142857193946838, 0.9132142663002014, 0.9137499928474426, 0.9142857193946838, 0.9142857193946838, 0.914821445941925, 0.9153571724891663, 0.9157142639160156, 0.9164285659790039, 0.9162499904632568, 0.916607141494751, 0.9171428680419922, 0.9176785945892334, 0.9180356860160828, 0.9182142615318298, 0.918749988079071, 0.918749988079071, 0.9196428656578064, 0.9198214411735535, 0.9205357432365417, 0.9212499856948853, 0.9212499856948853, 0.9221428632736206, 0.9225000143051147, 0.9225000143051147, 0.9228571653366089, 0.923035740852356], "loss": [0.33959242701530457, 0.2634130120277405, 0.2574753165245056, 0.2540875971317291, 0.2516039311885834, 0.24956730008125305, 0.2479080706834793, 0.2462855726480484, 0.24486598372459412, 0.24349291622638702, 0.24217489361763, 0.24097785353660583, 0.23979108035564423, 0.2386106252670288, 0.2374017983675003, 0.23622530698776245, 0.23506823182106018, 0.23400747776031494, 0.23297062516212463, 0.23170505464076996, 0.23081809282302856, 0.22960270941257477, 0.2285689264535904, 0.2274855226278305, 0.22639639675617218, 0.22526110708713531, 0.2243543416261673, 0.22314298152923584, 0.2220580130815506, 0.22098033130168915, 0.21988148987293243, 0.21892476081848145, 0.21793529391288757, 0.21692100167274475, 0.2159314900636673, 0.21482080221176147, 0.21378354728221893, 0.21270237863063812, 0.21179692447185516, 0.21085141599178314, 0.20992344617843628, 0.20886008441448212, 0.2081015259027481, 0.20714516937732697, 0.2061087191104889, 0.20531104505062103, 0.20444786548614502, 0.20370858907699585, 0.20263785123825073, 0.20200484991073608], "val_accuracy": [0.9142857193946838, 0.9150000214576721, 0.918571412563324, 0.918571412563324, 0.9164285659790039, 0.9164285659790039, 0.9164285659790039, 0.9164285659790039, 0.9164285659790039, 0.9171428680419922, 0.9178571701049805, 0.9171428680419922, 0.9157142639160156, 0.9150000214576721, 0.9150000214576721, 0.9150000214576721, 0.9150000214576721, 0.9157142639160156, 0.9150000214576721, 0.9157142639160156, 0.9150000214576721, 0.9135714173316956, 0.9157142639160156, 0.9150000214576721, 0.9142857193946838, 0.9142857193946838, 0.9142857193946838, 0.9142857193946838, 0.9150000214576721, 0.9150000214576721, 0.9150000214576721, 0.9157142639160156, 0.9157142639160156, 0.9157142639160156, 0.9164285659790039, 0.9164285659790039, 0.9164285659790039, 0.9164285659790039, 0.9164285659790039, 0.9157142639160156, 0.9157142639160156, 0.9157142639160156, 0.9142857193946838, 0.9142857193946838, 0.9135714173316956, 0.9107142686843872, 0.9128571152687073, 0.9100000262260437, 0.9121428728103638, 0.9121428728103638], "val_loss": [0.2418164312839508, 0.23574580252170563, 0.23547746241092682, 0.23580820858478546, 0.23636844754219055, 0.23718492686748505, 0.23776975274085999, 0.23831741511821747, 0.2388112097978592, 0.23945964872837067, 0.24005872011184692, 0.24090935289859772, 0.24131378531455994, 0.24244745075702667, 0.2429332137107849, 0.24338407814502716, 0.24413469433784485, 0.24472162127494812, 0.2452368140220642, 0.24602948129177094, 0.2461099922657013, 0.24679456651210785, 0.24770943820476532, 0.24851350486278534, 0.24891135096549988, 0.24879969656467438, 0.25017690658569336, 0.2501310408115387, 0.2509784400463104, 0.2518526017665863, 0.25239619612693787, 0.2529616951942444, 0.25335803627967834, 0.25386935472488403, 0.2548212707042694, 0.2554094195365906, 0.2561369836330414, 0.2567470073699951, 0.2577088177204132, 0.25856298208236694, 0.25964805483818054, 0.2608327269554138, 0.26117029786109924, 0.2625368535518646, 0.26344844698905945, 0.26419752836227417, 0.26608821749687195, 0.26610755920410156, 0.26778644323349, 0.2684846818447113]}